variable,RMSE,MAE
petrol_share,0.01905844470652674,0.012283079829173565
hybrid_petrol_share,0.006911573059940338,0.005971304444734946
electric_share,0.021407154251535703,0.0180871746255079
